first_name,last_name,email,username,password
Birgit,Fairchild,bfairchild0@creativecommons.org,bfairchild0,fNVwiXTar
Devlin,Eadington,deadington1@answers.com,deadington1,lqoX26GK6b
Chilton,Pendall,cpendall2@moonfruit.com,cpendall2,vJwxba6JfRVw
Tandie,Kirwin,tkirwin3@miibeian.gov.cn,tkirwin3,Ly4RALp3
Patrick,Armatidge,parmatidge4@discuz.net,parmatidge4,jzz3Z5MtnzzK
Morty,Wedge,mwedge5@disqus.com,mwedge5,rAIvE60h8
Anitra,Vasenkov,avasenkov6@bloglovin.com,avasenkov6,t0VTuOwQIF
Rosamund,Duxfield,rduxfield7@nih.gov,rduxfield7,oYIwVjN3
Anatole,Yelden,ayelden8@privacy.gov.au,ayelden8,2H0G5P2zWbq
Mortimer,Elldred,melldred9@drupal.org,melldred9,XwZlvc50
Lexy,Braithwaite,lbraithwaitea@quantcast.com,lbraithwaitea,fhVHkfCQ
Libby,Hucklesby,lhucklesbyb@newyorker.com,lhucklesbyb,oTvOfwKFjaAT
Dody,Willoughey,dwillougheyc@weibo.com,dwillougheyc,6mnZvr3D2RsR
Cynthie,McMorran,cmcmorrand@360.cn,cmcmorrand,QL4SeESom
Drew,Cherry,dcherrye@whitehouse.gov,dcherrye,hTRiFAKOIc
Luca,Harwood,lharwoodf@ning.com,lharwoodf,Ge21OLj
Orella,Sheavills,osheavillsg@amazon.de,osheavillsg,kDGIwzd1T
Robbin,Stollenwerck,rstollenwerckh@va.gov,rstollenwerckh,ZYgCzRxiS
Rufe,Cust,rcusti@sitemeter.com,rcusti,h2vhTVdUsp
Chery,Froud,cfroudj@wordpress.com,cfroudj,Y6d7wH7i93
Deane,Streeting,dstreetingk@usatoday.com,dstreetingk,7Mntx5pP
Clo,Muttock,cmuttockl@telegraph.co.uk,cmuttockl,mI6sS6K
Alena,Blayney,ablayneym@trellian.com,ablayneym,dsOdQXpf
Liza,Hellsdon,lhellsdonn@tinypic.com,lhellsdonn,SfDBALXIWh5
Angelika,Pauler,apaulero@yahoo.co.jp,apaulero,Jh2yUJZRI
Jonny,Andino,bow682@gmail.com,niko,MDA2Ngo=
